 ,Angle,Gel-glu ES 221023_LM_01_segmented_OrientJ Hist.csv,Gel-glu ES 221023_LM_01_segmented_OrientJ Hist.csv Normalized,GelGlu_A 06.06.23 10k_65 KR_segmented_OrientJ Hist.csv,GelGlu_A 06.06.23 10k_65 KR_segmented_OrientJ Hist.csv Normalized,GelGlu_B 11.10.23 10k_67 KR_segmented_OrientJ Hist.csv,GelGlu_B 11.10.23 10k_67 KR_segmented_OrientJ Hist.csv Normalized,PCL PEO CAM kont 160818 x10k11_segmented_OrientJ Hist.csv,PCL PEO CAM kont 160818 x10k11_segmented_OrientJ Hist.csv Normalized,PCL_CAM_11.10.23_10k_13 KR_segmented_OrientJ Hist.csv,PCL_CAM_11.10.23_10k_13 KR_segmented_OrientJ Hist.csv Normalized,PCL_CAM_4%_10KX_1_segmented_OrientJ Hist.csv,PCL_CAM_4%_10KX_1_segmented_OrientJ Hist.csv Normalized,PCL_CAM_4%_10KX_2_segmented_OrientJ Hist.csv,PCL_CAM_4%_10KX_2_segmented_OrientJ Hist.csv Normalized,UUS! 10%PCL2%PEO 4%CAM 101022 10k_segmented_OrientJ Hist.csv,UUS! 10%PCL2%PEO 4%CAM 101022 10k_segmented_OrientJ Hist.csv Normalized,binary_0_OrientJ Hist.csv,binary_0_OrientJ Hist.csv Normalized,binary_1_OrientJ Hist.csv,binary_1_OrientJ Hist.csv Normalized,binary_2_OrientJ Hist.csv,binary_2_OrientJ Hist.csv Normalized,binary_3_OrientJ Hist.csv,binary_3_OrientJ Hist.csv Normalized,binary_4_OrientJ Hist.csv,binary_4_OrientJ Hist.csv Normalized,binary_5_OrientJ Hist.csv,binary_5_OrientJ Hist.csv Normalized,binary_6_OrientJ Hist.csv,binary_6_OrientJ Hist.csv Normalized,pclpeo cam 06.09.23 10k KR_segmented_OrientJ Hist.csv,pclpeo cam 06.09.23 10k KR_segmented_OrientJ Hist.csv Normalized,Sum_of_Frequencies,Sum_of_Norm_Frequencies
1,-90,1342.6430,0.0050,2512.5675,0.0163,2995.5433,0.0157,20323.9708,0.0531,1320.3114,0.0049,63.0037,0.0004,2039.8054,0.0135,1180.2258,0.0031,432.3453,0.0016,2334.5229,0.0089,171.5649,0.0006,281.6312,0.0012,700.1235,0.0028,157.0336,0.0006,6350.9435,0.0204,10828.9041,0.0263,53035.1399,0.1744
2,-89,2272.6880,0.0080,3528.2125,0.0229,2582.2205,0.0136,9327.7950,0.0244,1168.6028,0.0043,48.7954,0.0003,2279.7282,0.0150,1310.3196,0.0034,533.3185,0.0020,7939.4106,0.0302,214.3622,0.0008,422.2206,0.0018,869.8008,0.0035,172.0259,0.0007,6522.3439,0.0209,1545.5166,0.0038,40737.3611,0.1556
3,-88,3647.1660,0.0130,3355.1068,0.0217,2361.5560,0.0124,4874.9620,0.0127,772.0659,0.0029,117.5516,0.0007,1691.2077,0.0112,1286.5305,0.0034,715.0639,0.0027,4990.2295,0.0190,120.7989,0.0004,524.8329,0.0022,2109.9245,0.0085,173.1443,0.0007,3632.2526,0.0117,914.3601,0.0022,31286.7532,0.1254
4,-87,3926.6710,0.0140,2846.4513,0.0184,1820.6570,0.0096,3363.3214,0.0088,668.8606,0.0025,159.5859,0.0010,2241.4030,0.0148,6887.1428,0.0181,709.5051,0.0027,13694.3999,0.0521,41.1121,0.0001,515.9218,0.0022,2305.0041,0.0092,315.3666,0.0013,2429.9969,0.0078,786.3687,0.0019,42711.7682,0.1645
5,-86,3966.2550,0.0140,3784.2511,0.0245,1257.4091,0.0066,2581.0599,0.0067,767.2736,0.0029,106.2091,0.0007,1882.4782,0.0124,2774.7783,0.0073,506.9461,0.0019,2628.6086,0.0100,20.8938,7.359E-5,610.5682,0.0026,1526.2670,0.0061,1393.6774,0.0057,2700.8693,0.0087,978.3131,0.0024,27485.8578,0.1126
6,-85,3429.5940,0.0120,1255.0066,0.0081,1016.1779,0.0053,1826.8116,0.0048,562.0583,0.0021,81.3099,0.0005,1308.6193,0.0086,1415.0862,0.0037,898.6174,0.0034,1622.3564,0.0062,11.4966,4.049E-5,192.2708,0.0008,1576.5278,0.0063,976.0396,0.0040,3301.6188,0.0106,1069.0682,0.0026,20542.6594,0.0790
7,-84,3296.1700,0.0110,834.0869,0.0054,972.9438,0.0051,1596.1639,0.0042,276.2709,0.0010,104.9627,0.0007,1056.7807,0.0070,895.2768,0.0024,3367.2704,0.0128,1213.8207,0.0046,18.0139,6.345E-5,113.3770,0.0005,1524.7307,0.0061,693.1673,0.0028,2115.6176,0.0068,1035.6743,0.0025,19114.3276,0.0730
8,-83,2449.7310,0.0080,747.0007,0.0048,1198.5983,0.0063,1287.2080,0.0034,373.5986,0.0014,145.9675,0.0009,1055.1981,0.0070,611.0317,0.0016,716.9840,0.0027,913.1809,0.0035,51.3728,0.0002,154.9206,0.0006,1400.5145,0.0056,518.6873,0.0021,1574.3097,0.0051,2019.1309,0.0049,15217.4346,0.0581
9,-82,2094.8540,0.0070,667.6548,0.0043,1080.9140,0.0057,1110.7092,0.0029,596.0834,0.0022,58.3111,0.0004,1195.6255,0.0079,448.5046,0.0012,513.1316,0.0020,829.2524,0.0032,112.3849,0.0004,259.4948,0.0011,1570.3691,0.0063,630.5087,0.0026,1514.5385,0.0049,2233.7356,0.0054,14916.0722,0.0575
10,-81,1650.5330,0.0060,566.4170,0.0037,859.0964,0.0045,1013.2242,0.0026,499.3307,0.0019,76.3152,0.0005,592.4583,0.0039,350.4537,0.0009,522.6845,0.0020,857.0883,0.0033,260.4452,0.0009,238.3462,0.0010,2631.6203,0.0105,718.5799,0.0029,1248.9714,0.0040,865.5693,0.0021,12951.1336,0.0507
11,-80,1537.4750,0.0050,447.9717,0.0029,800.0742,0.0042,869.8004,0.0023,245.7993,0.0009,195.0070,0.0012,418.9023,0.0028,278.1028,0.0007,333.5439,0.0013,1238.7886,0.0047,717.2300,0.0025,0,0,3766.6889,0.0151,340.2141,0.0014,1037.1710,0.0033,652.9655,0.0016,12879.7347,0.0499
12,-79,1358.9640,0.0050,445.4515,0.0029,810.7653,0.0043,674.7811,0.0018,347.5938,0.0013,504.2031,0.0032,394.9653,0.0026,233.5715,0.0006,185.7166,0.0007,1209.1495,0.0046,6507.5708,0.0229,42.2812,0.0002,4913.1699,0.0197,98.6856,0.0004,933.4493,0.0030,544.8453,0.0013,19205.1638,0.0745
13,-78,1156.1430,0.0040,569.3961,0.0037,912.7388,0.0048,559.1277,0.0015,458.6509,0.0017,377.2328,0.0024,270.0226,0.0018,214.3643,0.0006,117.1682,0.0004,806.2504,0.0031,2995.2051,0.0105,58.0720,0.0002,2372.2875,0.0095,87.2380,0.0004,930.9698,0.0030,521.9839,0.0013,12406.8511,0.0489
14,-77,1143.5770,0.0040,647.2732,0.0042,1175.6557,0.0062,481.2991,0.0013,556.4391,0.0021,236.3517,0.0015,232.7791,0.0015,224.8031,0.0006,89.4448,0.0003,424.5466,0.0016,239.5156,0.0008,104.2668,0.0004,1209.9373,0.0048,64.4307,0.0003,1118.5802,0.0036,570.6780,0.0014,8519.5780,0.0346
15,-76,865.5680,0.0030,427.8547,0.0028,1329.4496,0.0070,476.6282,0.0012,518.6663,0.0019,147.0809,0.0009,242.6933,0.0016,291.5284,0.0008,59.2916,0.0002,278.1748,0.0011,57.1449,0.0002,259.1589,0.0011,1127.4708,0.0045,0,0,1139.4443,0.0037,695.1761,0.0017,7915.3308,0.0317
16,-75,794.0510,0.0030,328.6606,0.0021,1507.9525,0.0079,447.3837,0.0012,502.6713,0.0019,79.6989,0.0005,302.5587,0.0020,287.0850,0.0008,79.5498,0.0003,243.7316,0.0009,8.4593,2.979E-5,1153.0541,0.0048,1104.5644,0.0044,20.3883,8.306E-5,1448.9165,0.0047,750.3271,0.0018,9059.0528,0.0364
17,-74,782.9040,0.0030,396.8091,0.0026,1491.7134,0.0078,441.5671,0.0012,669.8918,0.0025,20.7830,0.0001,316.9638,0.0021,184.3190,0.0005,385.5427,0.0015,193.1838,0.0007,0,0,1245.3199,0.0052,1869.7048,0.0075,299.3711,0.0012,2882.2928,0.0093,498.7335,0.0012,11679.0998,0.0464
18,-73,841.7860,0.0030,337.1716,0.0022,1350.9005,0.0071,412.9163,0.0011,794.5793,0.0030,0,0,308.3633,0.0020,134.5833,0.0004,619.8830,0.0024,117.7974,0.0004,14.6304,5.153E-5,669.8979,0.0028,7871.7905,0.0315,526.9373,0.0021,2293.3639,0.0074,426.2525,0.0010,16720.8532,0.0665
19,-72,1061.1570,0.0040,336.0641,0.0022,1371.5086,0.0072,394.8141,0.0010,868.2748,0.0032,32.3687,0.0002,319.2029,0.0021,111.9745,0.0003,401.8196,0.0015,72.2819,0.0003,48.8798,0.0002,665.1267,0.0028,6494.5751,0.0260,824.5847,0.0034,2356.9283,0.0076,596.1071,0.0014,15955.6679,0.0634
20,-71,1474.0560,0.0050,319.7510,0.0021,1215.5241,0.0064,395.2820,0.0010,993.4851,0.0037,267.8314,0.0017,375.8182,0.0025,87.2487,0.0002,391.3114,0.0015,77.9859,0.0003,116.0982,0.0004,921.8300,0.0039,2340.8535,0.0094,729.5148,0.0030,1414.5746,0.0045,709.1250,0.0017,11830.2899,0.0473
21,-70,919.5310,0.0030,377.5675,0.0024,1083.8227,0.0057,393.5812,0.0010,1084.1538,0.0040,692.3374,0.0043,461.2238,0.0030,81.3604,0.0002,560.6456,0.0021,343.9606,0.0013,147.4783,0.0005,618.2722,0.0026,1292.8174,0.0052,239.2739,0.0010,988.4628,0.0032,1871.2534,0.0045,11155.7420,0.0440
22,-69,611.7780,0.0020,447.0551,0.0029,1054.4710,0.0055,378.4710,0.0010,1423.5143,0.0053,500.1193,0.0031,548.5903,0.0036,82.4667,0.0002,1094.8737,0.0042,2076.2505,0.0079,152.3927,0.0005,479.4192,0.0020,992.1680,0.0040,145.2160,0.0006,853.9299,0.0027,1037.9130,0.0025,11878.6287,0.0480
23,-68,590.8400,0.0020,495.4900,0.0032,1236.0814,0.0065,376.5480,0.0010,1680.1786,0.0062,398.6034,0.0025,741.3741,0.0049,88.3110,0.0002,1246.3701,0.0047,1371.1340,0.0052,130.7945,0.0005,349.1985,0.0015,742.6357,0.0030,107.1486,0.0004,760.4430,0.0024,487.8580,0.0012,10803.0089,0.0454
24,-67,754.8660,0.0030,386.0980,0.0025,1362.7181,0.0072,390.3363,0.0010,1455.4081,0.0054,276.0691,0.0017,837.5910,0.0055,87.9459,0.0002,1498.5516,0.0057,499.4359,0.0019,149.2003,0.0005,285.8867,0.0012,581.3144,0.0023,122.5536,0.0005,693.8038,0.0022,485.8359,0.0012,9867.6147,0.0420
25,-66,922.9980,0.0030,627.6649,0.0041,1310.1625,0.0069,506.2096,0.0013,1579.7672,0.0059,316.6055,0.0020,714.3044,0.0047,117.2419,0.0003,1175.5540,0.0045,455.1927,0.0017,194.6648,0.0007,281.2581,0.0012,465.7756,0.0019,162.8429,0.0007,681.7070,0.0022,720.7197,0.0017,10232.6688,0.0428
26,-65,943.4410,0.0030,500.7542,0.0032,1253.0419,0.0066,723.5829,0.0019,1865.4972,0.0069,420.8022,0.0026,941.2145,0.0062,138.0732,0.0004,901.2433,0.0034,360.3920,0.0014,249.5058,0.0009,454.3654,0.0019,364.1012,0.0015,533.8222,0.0022,730.7992,0.0023,710.9052,0.0017,11091.5414,0.0461
27,-64,911.5820,0.0030,557.9635,0.0036,1218.0699,0.0064,815.9817,0.0021,966.3711,0.0036,280.1149,0.0018,695.3659,0.0046,171.7870,0.0005,647.1508,0.0025,353.9399,0.0013,309.6053,0.0011,845.1284,0.0035,265.8409,0.0011,1329.9086,0.0054,822.5378,0.0026,706.0729,0.0017,10897.4206,0.0448
28,-63,1175.3110,0.0040,753.0117,0.0049,1115.4106,0.0059,856.7386,0.0022,840.2831,0.0031,76.8260,0.0005,309.4953,0.0020,421.5098,0.0011,557.4362,0.0021,445.7192,0.0017,524.2281,0.0018,819.3765,0.0034,325.1954,0.0013,1060.4398,0.0043,990.9980,0.0032,627.0459,0.0015,10899.0252,0.0430
29,-62,1156.4860,0.0040,761.5916,0.0049,1049.9911,0.0055,790.0087,0.0021,644.9427,0.0024,8.8124,5.527E-5,292.4199,0.0019,751.2943,0.0020,446.2364,0.0017,445.1887,0.0017,822.1845,0.0029,779.2815,0.0033,526.3782,0.0021,624.4140,0.0025,1070.5316,0.0034,570.5645,0.0014,10740.3261,0.0419
30,-61,1115.6380,0.0040,841.0079,0.0054,1062.1635,0.0056,1237.0094,0.0032,483.4330,0.0018,96.9611,0.0006,318.3249,0.0021,647.3072,0.0017,409.6879,0.0016,423.0132,0.0016,1799.4002,0.0063,785.8168,0.0033,327.9945,0.0013,352.5904,0.0014,1235.0903,0.0040,580.1202,0.0014,11715.5585,0.0453
31,-60,936.4060,0.0030,867.4415,0.0056,1142.9050,0.0060,1141.7292,0.0030,379.0355,0.0014,241.7981,0.0015,411.1733,0.0027,643.4429,0.0017,315.9492,0.0012,402.4692,0.0015,2352.6807,0.0083,813.7153,0.0034,205.2683,0.0008,295.7172,0.0012,1750.8956,0.0056,598.3065,0.0015,12498.9335,0.0484
32,-59,870.7610,0.0030,818.9329,0.0053,1279.8538,0.0067,1261.6678,0.0033,369.0605,0.0014,532.0194,0.0033,595.8796,0.0039,745.1280,0.0020,266.6537,0.0010,306.1235,0.0012,3148.0960,0.0111,893.5856,0.0037,186.6886,0.0007,289.3665,0.0012,3978.0275,0.0128,612.8875,0.0015,16154.7319,0.0621
33,-58,1009.9110,0.0040,842.2096,0.0055,1235.9526,0.0065,1269.8040,0.0033,407.6708,0.0015,988.9398,0.0062,909.4161,0.0060,1385.8452,0.0036,233.4924,0.0009,241.5038,0.0009,3979.4776,0.0140,1340.9240,0.0056,172.5023,0.0007,336.0251,0.0014,2641.3649,0.0085,510.9359,0.0012,17505.9751,0.0698
34,-57,1210.4780,0.0040,961.3495,0.0062,1408.0342,0.0074,1114.0574,0.0029,363.1536,0.0014,703.3027,0.0044,600.4716,0.0040,2896.1999,0.0076,235.5602,0.0009,143.6104,0.0005,3925.5664,0.0138,2768.8073,0.0116,184.6661,0.0007,308.7618,0.0013,1573.6694,0.0051,1407.1296,0.0034,19804.8181,0.0752
35,-56,1417.4560,0.0050,987.8368,0.0064,1653.1649,0.0087,973.5688,0.0025,426.5488,0.0016,420.1538,0.0026,425.7194,0.0028,1829.4484,0.0048,527.7945,0.0020,136.9836,0.0005,3325.1868,0.0117,2295.2909,0.0096,265.2060,0.0011,311.4095,0.0013,1377.2950,0.0044,1726.1128,0.0042,18099.1760,0.0692
36,-55,1771.3630,0.0060,1052.6378,0.0068,2014.2090,0.0106,1057.0756,0.0028,547.1550,0.0020,396.2363,0.0025,545.1292,0.0036,1399.6458,0.0037,686.6524,0.0026,186.2584,0.0007,2763.3660,0.0097,1510.9271,0.0063,465.7313,0.0019,343.2744,0.0014,1144.3656,0.0037,1460.7827,0.0035,17344.8096,0.0678
37,-54,1725.2840,0.0060,1258.2937,0.0081,1879.4017,0.0099,1140.9418,0.0030,530.9858,0.0020,507.9523,0.0032,534.0674,0.0035,1547.6118,0.0041,374.7789,0.0014,217.3484,0.0008,1840.5418,0.0065,1403.2913,0.0059,605.0244,0.0024,389.8118,0.0016,928.1388,0.0030,1491.4757,0.0036,16374.9496,0.0650
38,-53,1805.7400,0.0060,1343.0608,0.0087,1722.7442,0.0091,978.5631,0.0026,335.3135,0.0012,368.6378,0.0023,593.2664,0.0039,1674.4780,0.0044,291.1734,0.0011,319.8658,0.0012,1436.1409,0.0051,1652.4259,0.0069,702.3393,0.0028,491.3444,0.0020,907.4584,0.0029,1648.9446,0.0040,16271.4965,0.0642
39,-52,2042.4770,0.0070,1124.3721,0.0073,1915.4522,0.0101,992.5582,0.0026,345.7886,0.0013,337.4004,0.0021,667.5543,0.0044,1895.7709,0.0050,342.0868,0.0013,574.1584,0.0022,1260.8268,0.0044,1415.5927,0.0059,819.5891,0.0033,631.1017,0.0026,1085.9552,0.0035,2019.2573,0.0049,17469.9417,0.0679
40,-51,3381.8280,0.0120,1408.7106,0.0091,2054.0599,0.0108,1317.1310,0.0034,342.4402,0.0013,376.8785,0.0024,831.0338,0.0055,2268.3430,0.0060,357.7957,0.0014,590.8831,0.0022,1247.9854,0.0044,1192.8142,0.0050,971.8331,0.0039,790.8057,0.0032,1114.3121,0.0036,2767.0632,0.0067,21013.9175,0.0809
41,-50,4968.1180,0.0170,1872.1813,0.0121,2523.5543,0.0133,1467.5540,0.0038,352.6281,0.0013,504.0897,0.0032,890.4584,0.0059,2948.6633,0.0077,351.9481,0.0013,511.1733,0.0019,1246.1831,0.0044,973.3086,0.0041,1457.6262,0.0058,775.3334,0.0032,1036.2314,0.0033,3875.4309,0.0094,25754.4821,0.0977
42,-49,3235.3260,0.0110,1368.1354,0.0089,3423.3975,0.0180,3166.5441,0.0083,424.3556,0.0016,985.3501,0.0062,1131.9299,0.0075,4511.8508,0.0119,343.9015,0.0013,534.9091,0.0020,1280.6581,0.0045,1075.2727,0.0045,1521.0471,0.0061,962.6697,0.0039,1054.3518,0.0034,4084.3313,0.0099,29104.0307,0.1090
43,-48,2794.2980,0.0100,1484.2672,0.0096,4273.2125,0.0225,4396.3922,0.0115,328.0717,0.0012,1474.9677,0.0093,1297.7131,0.0086,7026.3542,0.0185,361.0146,0.0014,585.1222,0.0022,1598.2637,0.0056,1602.8458,0.0067,1760.2497,0.0071,1232.9013,0.0050,1013.5621,0.0033,3772.9822,0.0092,35002.2182,0.1317
44,-47,3039.8940,0.0110,2516.6947,0.0163,3337.2623,0.0175,2403.5067,0.0063,403.1416,0.0015,2729.5096,0.0171,1219.8481,0.0080,10490.8391,0.0276,402.9539,0.0015,603.5204,0.0023,2090.3367,0.0074,1484.4977,0.0062,1821.1786,0.0073,1754.6733,0.0071,951.2925,0.0031,5012.3669,0.0122,40261.5161,0.1524
45,-46,3653.7600,0.0130,2946.6036,0.0191,2902.1812,0.0153,2127.3483,0.0056,800.0420,0.0030,3745.2770,0.0235,1032.8116,0.0068,12886.4465,0.0339,519.2249,0.0020,769.3766,0.0029,2940.8577,0.0104,1476.7888,0.0062,2221.8307,0.0089,3358.4089,0.0137,980.4420,0.0031,6276.0437,0.0152,48637.4435,0.1826
46,-45,4152.5970,0.0140,2367.9100,0.0153,2939.5301,0.0155,2359.8595,0.0062,913.8015,0.0034,1711.8021,0.0107,841.6293,0.0056,17097.9289,0.0449,584.2707,0.0022,1215.1420,0.0046,4243.6787,0.0149,1643.8773,0.0069,3290.5256,0.0132,3666.9650,0.0149,1052.7716,0.0034,9673.8357,0.0235,57756.1250,0.1992
47,-44,2241.8220,0.0080,2109.2980,0.0137,2826.5318,0.0149,4660.3253,0.0122,2115.4803,0.0079,1879.4281,0.0118,656.0154,0.0043,8864.2658,0.0233,361.8250,0.0014,890.7075,0.0034,3025.9334,0.0107,2273.6339,0.0095,2119.4650,0.0085,5451.1476,0.0222,935.7488,0.0030,4665.9250,0.0113,45077.5529,0.1661
48,-43,1880.7390,0.0070,1833.5363,0.0119,2796.3206,0.0147,6596.7003,0.0172,1823.9845,0.0068,2117.1625,0.0133,494.9760,0.0033,4259.3098,0.0112,386.5390,0.0015,755.9951,0.0029,2327.0579,0.0082,4362.5402,0.0183,1829.7961,0.0073,6681.8034,0.0272,904.7219,0.0029,2619.7229,0.0064,41670.9055,0.1601
49,-42,1704.4610,0.0060,1408.6661,0.0091,3246.6859,0.0171,3433.1364,0.0090,1506.4899,0.0056,1545.9386,0.0097,382.4954,0.0025,2508.5258,0.0066,329.4873,0.0013,740.8589,0.0028,1823.1956,0.0064,3409.3212,0.0143,1813.6682,0.0073,6872.9899,0.0280,916.0596,0.0029,2225.5718,0.0054,33867.5516,0.1340
50,-41,1439.4180,0.0050,1066.4816,0.0069,2334.5042,0.0123,1955.9164,0.0051,1370.3507,0.0051,1172.2788,0.0074,565.3520,0.0037,1914.3737,0.0050,370.9640,0.0014,624.2672,0.0024,1425.9124,0.0050,3595.0323,0.0151,1592.8149,0.0064,6503.3464,0.0265,904.6155,0.0029,2029.4858,0.0049,28865.1139,0.1151
51,-40,1339.2790,0.0050,791.2117,0.0051,1991.7393,0.0105,1789.6783,0.0047,1376.1681,0.0051,1132.2424,0.0071,394.6127,0.0026,1558.5815,0.0041,409.3748,0.0016,605.3313,0.0023,1367.6514,0.0048,3320.4235,0.0139,1529.6599,0.0061,6071.4582,0.0247,869.9430,0.0028,1951.0649,0.0047,26498.4200,0.1051
52,-39,1594.4590,0.0060,687.2163,0.0045,1752.0967,0.0092,1909.1056,0.0050,1441.2943,0.0054,1365.9967,0.0086,269.2527,0.0018,1502.4108,0.0039,443.7976,0.0017,628.4523,0.0024,1403.9921,0.0049,2890.4574,0.0121,1087.0998,0.0044,4146.5349,0.0169,967.5259,0.0031,1418.9327,0.0034,23508.6248,0.0933
53,-38,1968.5880,0.0070,700.6243,0.0045,1843.7230,0.0097,1680.5853,0.0044,1484.3390,0.0055,2445.5248,0.0153,225.5599,0.0015,1398.4443,0.0037,470.7232,0.0018,591.1606,0.0022,1466.0862,0.0052,1634.1234,0.0068,922.3077,0.0037,4041.8024,0.0165,830.2894,0.0027,910.1750,0.0022,22614.0565,0.0927
54,-37,2713.8860,0.0090,775.7964,0.0050,1065.1800,0.0056,1522.7061,0.0040,932.8810,0.0035,1803.6034,0.0113,230.6055,0.0015,1380.6555,0.0036,505.5005,0.0019,409.2045,0.0016,1650.3932,0.0058,1063.5195,0.0045,811.2943,0.0033,2654.3901,0.0108,798.3617,0.0026,757.3417,0.0018,19075.3194,0.0758
55,-36,2745.1690,0.0100,733.0808,0.0047,709.0270,0.0037,1498.1334,0.0039,792.0022,0.0029,1284.8405,0.0081,161.3613,0.0011,1378.4048,0.0036,649.3956,0.0025,349.9720,0.0013,2042.1573,0.0072,782.0642,0.0033,768.0040,0.0031,1675.9167,0.0068,854.8887,0.0027,876.3132,0.0021,17300.7307,0.0670
56,-35,2776.3590,0.0100,601.6313,0.0039,691.0510,0.0036,1085.3307,0.0028,663.7727,0.0025,1116.2216,0.0070,303.5338,0.0020,1262.4069,0.0033,4759.2208,0.0181,328.2514,0.0012,3006.0371,0.0106,811.6978,0.0034,673.5753,0.0027,943.4953,0.0038,963.8845,0.0031,981.6780,0.0024,20968.1472,0.0804
57,-34,1744.0120,0.0060,680.2186,0.0044,630.4799,0.0033,828.7953,0.0022,625.6173,0.0023,1287.9144,0.0081,604.5005,0.0040,1047.2119,0.0028,3338.2254,0.0127,290.2917,0.0011,3675.5371,0.0129,949.3652,0.0040,509.1690,0.0020,1270.5143,0.0052,1063.3364,0.0034,975.0962,0.0024,19520.2852,0.0768
58,-33,1327.4750,0.0050,605.6580,0.0039,467.6306,0.0025,712.9130,0.0019,632.7443,0.0024,1328.0450,0.0083,570.1486,0.0038,790.9620,0.0021,1245.1894,0.0047,317.1495,0.0012,5698.5674,0.0201,1257.1262,0.0053,439.8738,0.0018,1419.1586,0.0058,1254.0746,0.0040,929.8276,0.0023,18996.5436,0.0751
59,-32,1370.6050,0.0050,601.1572,0.0039,408.3981,0.0021,618.1434,0.0016,608.9152,0.0023,1231.4137,0.0077,668.8217,0.0044,668.7802,0.0018,896.7860,0.0034,433.4558,0.0016,5910.6377,0.0208,1419.9037,0.0059,449.1387,0.0018,1291.3353,0.0053,2393.9669,0.0077,807.3655,0.0020,19778.8241,0.0773
60,-31,1526.2770,0.0050,591.8917,0.0038,495.8939,0.0026,571.4531,0.0015,620.1678,0.0023,1255.9015,0.0079,773.5640,0.0051,588.9901,0.0015,814.5239,0.0031,603.1313,0.0023,3744.5542,0.0132,2004.9083,0.0084,512.8331,0.0021,942.5253,0.0038,3788.4030,0.0122,757.3179,0.0018,19592.3361,0.0766
61,-30,1579.5630,0.0050,613.9786,0.0040,322.3893,0.0017,534.8548,0.0014,685.2144,0.0025,1270.4052,0.0080,694.0388,0.0046,538.3189,0.0014,813.9286,0.0031,637.5134,0.0024,2685.9351,0.0095,2072.8092,0.0087,637.3395,0.0026,825.2404,0.0034,1562.1909,0.0050,722.3352,0.0018,16196.0553,0.0651
62,-29,1486.2940,0.0050,506.7606,0.0033,242.8708,0.0013,540.9439,0.0014,740.3477,0.0028,1020.3798,0.0064,703.4700,0.0046,486.3439,0.0013,844.0995,0.0032,719.1145,0.0027,2120.9649,0.0075,1476.1191,0.0062,759.5269,0.0030,468.5473,0.0019,1069.9612,0.0034,718.3489,0.0017,13904.0930,0.0557
63,-28,1709.3060,0.0060,492.0759,0.0032,108.0922,0.0006,539.7625,0.0014,891.2112,0.0033,826.9773,0.0052,850.0010,0.0056,598.6203,0.0016,892.1318,0.0034,741.3433,0.0028,1160.1380,0.0041,1320.9164,0.0055,802.5840,0.0032,420.6118,0.0017,922.0134,0.0030,834.4454,0.0020,13110.2305,0.0526
64,-27,1717.8170,0.0060,429.6425,0.0028,33.4214,0.0002,566.7286,0.0015,856.7451,0.0032,730.7660,0.0046,1152.1730,0.0076,671.2044,0.0018,972.4039,0.0037,742.6509,0.0028,810.2199,0.0029,1619.8492,0.0068,543.6393,0.0022,449.5118,0.0018,896.0056,0.0029,1223.0559,0.0030,13415.8345,0.0538
65,-26,1199.9120,0.0040,329.2080,0.0021,5.4529,2.866E-5,665.2698,0.0017,763.3833,0.0028,702.7966,0.0044,1571.4721,0.0104,297.3705,0.0008,1136.6941,0.0043,661.7834,0.0025,601.2743,0.0021,1740.5658,0.0073,452.4779,0.0018,355.5759,0.0014,923.5486,0.0030,1027.4467,0.0025,12434.2319,0.0511
66,-25,785.5490,0.0030,307.0029,0.0020,10.3939,5.463E-5,807.1840,0.0021,914.3101,0.0034,738.6996,0.0046,1205.3044,0.0080,288.6577,0.0008,1583.5018,0.0060,695.3741,0.0026,502.2714,0.0018,1424.7484,0.0060,493.8066,0.0020,160.4445,0.0007,934.1847,0.0030,902.9550,0.0022,11754.3881,0.0483
67,-24,423.9220,0.0010,476.3442,0.0031,6.3548,3.340E-5,1100.7554,0.0029,1079.9862,0.0040,762.1786,0.0048,1561.3962,0.0103,581.0956,0.0015,2925.5680,0.0111,811.0840,0.0031,385.2062,0.0014,1287.3641,0.0054,583.1666,0.0023,83.5316,0.0003,928.1003,0.0030,846.7333,0.0021,13842.7871,0.0563
68,-23,414.9920,0.0010,801.5638,0.0052,0,0,1043.5256,0.0027,623.7236,0.0023,1648.8878,0.0103,1580.4802,0.0104,749.4692,0.0020,13667.8053,0.0521,885.5736,0.0034,319.5426,0.0011,1552.6046,0.0065,717.3652,0.0029,47.3536,0.0002,1059.5181,0.0034,841.9402,0.0020,25954.3454,0.1055
69,-22,459.0480,0.0020,780.4078,0.0051,6.4926,3.413E-5,1193.1932,0.0031,579.2063,0.0022,2931.6617,0.0184,1207.0626,0.0080,788.1688,0.0021,2941.3089,0.0112,1798.2742,0.0068,315.8380,0.0011,1837.3959,0.0077,895.8078,0.0036,68.1655,0.0003,1998.4855,0.0064,1001.8149,0.0024,18802.3317,0.0804
70,-21,506.3580,0.0020,540.6228,0.0035,20.3344,0.0001,1632.9479,0.0043,661.3024,0.0025,1640.9574,0.0103,772.5446,0.0051,586.2944,0.0015,1504.1042,0.0057,2547.9729,0.0097,327.9475,0.0012,1471.7090,0.0062,1175.8326,0.0047,99.7479,0.0004,1768.0409,0.0057,773.0212,0.0019,16029.7381,0.0648
71,-20,500.0850,0.0020,475.6508,0.0031,67.6458,0.0004,2223.1361,0.0058,849.5367,0.0032,892.7375,0.0056,503.3184,0.0033,499.2763,0.0013,913.2273,0.0035,889.9498,0.0034,374.2991,0.0013,1056.2350,0.0044,1528.6442,0.0061,172.6654,0.0007,1748.5575,0.0056,619.8391,0.0015,13314.8040,0.0512
72,-19,782.0870,0.0030,422.6094,0.0027,179.5967,0.0009,4168.2745,0.0109,2429.4198,0.0090,900.7625,0.0056,372.5832,0.0025,490.6609,0.0013,762.9654,0.0029,629.8217,0.0024,380.8016,0.0013,1134.3567,0.0048,2715.0185,0.0109,163.1766,0.0007,2159.6051,0.0069,1191.0376,0.0029,18882.7772,0.0687
73,-18,748.8450,0.0030,448.8042,0.0029,238.6587,0.0013,3961.0084,0.0104,3413.2040,0.0127,964.6888,0.0061,306.3860,0.0020,897.7145,0.0024,871.6421,0.0033,672.2888,0.0026,313.0843,0.0011,1519.5543,0.0064,7169.0615,0.0287,151.8491,0.0006,3185.8334,0.0102,1329.1212,0.0032,26191.7443,0.0969
74,-17,642.2230,0.0020,444.4623,0.0029,272.3986,0.0014,3045.1237,0.0080,2254.9840,0.0084,1280.0997,0.0080,248.9896,0.0016,2298.8942,0.0060,1489.7686,0.0057,811.3068,0.0031,263.1838,0.0009,2357.8239,0.0099,8508.4291,0.0341,156.6793,0.0006,3536.4144,0.0114,1334.4017,0.0032,28945.1827,0.1072
75,-16,680.9730,0.0020,498.4329,0.0032,279.7646,0.0015,3132.6420,0.0082,1615.5768,0.0060,1510.3229,0.0095,155.7248,0.0010,1688.0268,0.0044,956.4651,0.0036,933.3833,0.0035,256.8514,0.0009,1315.8633,0.0055,2112.5974,0.0085,185.0521,0.0008,4207.7672,0.0135,1401.3451,0.0034,20930.7887,0.0755
76,-15,599.3680,0.0020,591.7290,0.0038,343.0059,0.0018,3319.7726,0.0087,1747.7262,0.0065,1735.2626,0.0109,88.2871,0.0006,1637.7922,0.0043,303.3889,0.0012,1086.6766,0.0041,288.9411,0.0010,2921.5507,0.0122,1210.3057,0.0049,275.2902,0.0011,2267.4501,0.0073,1493.4844,0.0036,19910.0313,0.0740
77,-14,552.2220,0.0020,539.8979,0.0035,457.0280,0.0024,2520.2438,0.0066,1546.8873,0.0058,1640.9374,0.0103,470.7855,0.0031,2851.8234,0.0075,209.6367,0.0008,1116.8595,0.0042,380.4818,0.0013,2059.1158,0.0086,1089.3503,0.0044,409.1994,0.0017,1838.7194,0.0059,1459.9489,0.0035,19143.1371,0.0716
78,-13,525.0030,0.0020,465.8667,0.0030,611.5353,0.0032,1896.7235,0.0050,1587.8434,0.0059,1642.8312,0.0103,542.6149,0.0036,3994.4738,0.0105,187.5447,0.0007,1350.6879,0.0051,620.7025,0.0022,1446.0847,0.0061,1053.3781,0.0042,378.9958,0.0015,1732.4657,0.0056,1600.5179,0.0039,19637.2691,0.0728
79,-12,484.4340,0.0020,476.4395,0.0031,535.3613,0.0028,1629.4242,0.0043,1699.1720,0.0063,1342.2367,0.0084,570.4758,0.0038,3240.8950,0.0085,198.2905,0.0008,2126.0249,0.0081,3918.8990,0.0138,1661.1276,0.0070,1220.9759,0.0049,331.3633,0.0013,1620.8346,0.0052,3057.8904,0.0074,24113.8447,0.0877
80,-11,536.4160,0.0020,583.2744,0.0038,456.2208,0.0024,1564.6294,0.0041,1751.0114,0.0065,1110.3472,0.0070,623.2180,0.0041,3123.1120,0.0082,279.0951,0.0011,10234.0991,0.0389,7721.8286,0.0272,1428.5406,0.0060,2530.0463,0.0101,352.5569,0.0014,1683.5039,0.0054,3086.6643,0.0075,37064.5640,0.1357
81,-10,659.4600,0.0020,556.7194,0.0036,569.7407,0.0030,1709.0377,0.0045,1771.3900,0.0066,1058.9904,0.0066,224.5521,0.0015,2718.9033,0.0071,393.2768,0.0015,5434.7104,0.0207,1027.8263,0.0036,637.1162,0.0027,1565.3417,0.0063,378.7257,0.0015,2048.5011,0.0066,3219.7961,0.0078,23974.0879,0.0856
82,-9,781.0410,0.0030,478.6008,0.0031,744.2287,0.0039,1999.6263,0.0052,2546.2264,0.0095,1453.6901,0.0091,0,0,2513.7172,0.0066,617.7057,0.0024,2212.1189,0.0084,436.6507,0.0015,657.9037,0.0028,684.5590,0.0027,390.9542,0.0016,3190.8661,0.0102,6478.7722,0.0157,25186.6610,0.0857
83,-8,1022.3150,0.0040,522.8718,0.0034,710.2991,0.0037,2666.5018,0.0070,3518.9901,0.0131,2254.3805,0.0141,9.6487,6.366E-5,1189.0218,0.0031,718.4622,0.0027,2247.2366,0.0085,265.6217,0.0009,611.3712,0.0026,584.3810,0.0023,441.9819,0.0018,4929.3038,0.0158,7025.3826,0.0171,28717.7698,0.1002
84,-7,1200.6640,0.0040,411.4717,0.0027,762.4970,0.0040,3177.0209,0.0083,1857.8695,0.0069,1127.5519,0.0071,89.7691,0.0006,1258.3848,0.0033,1055.9552,0.0040,2129.2524,0.0081,187.5716,0.0007,614.0183,0.0026,537.6887,0.0022,346.8513,0.0014,3195.9384,0.0103,7155.8411,0.0174,25108.3459,0.0836
85,-6,1203.3600,0.0040,621.7137,0.0040,726.9947,0.0038,5181.4523,0.0135,1729.3983,0.0064,895.8984,0.0056,131.3876,0.0009,1124.5099,0.0030,4145.1207,0.0158,2618.9094,0.0100,151.9511,0.0005,709.6785,0.0030,631.0228,0.0025,199.4168,0.0008,2846.3268,0.0091,2845.8848,0.0069,25763.0258,0.0898
86,-5,1515.9140,0.0050,691.8558,0.0045,758.4377,0.0040,5735.1476,0.0150,1828.2843,0.0068,1034.8904,0.0065,356.4330,0.0024,951.1307,0.0025,1583.5331,0.0060,2874.6448,0.0109,134.5298,0.0005,828.5535,0.0035,866.3924,0.0035,324.5605,0.0013,3705.4559,0.0119,2742.1240,0.0067,25931.8875,0.0910
87,-4,1342.2680,0.0050,490.4679,0.0032,676.2346,0.0036,8427.3409,0.0220,2418.9550,0.0090,1394.8832,0.0087,646.2044,0.0043,958.2927,0.0025,904.5798,0.0034,3749.2676,0.0143,140.7391,0.0005,811.4913,0.0034,1380.3231,0.0055,234.5590,0.0010,3458.8514,0.0111,2914.6760,0.0071,29949.1340,0.1046
88,-3,1315.8530,0.0050,468.0017,0.0030,652.6088,0.0034,6707.5626,0.0175,3978.3817,0.0148,2084.3571,0.0131,596.6413,0.0039,1026.6796,0.0027,1034.8185,0.0039,15949.5815,0.0606,181.2896,0.0006,1378.0508,0.0058,2022.6923,0.0081,177.7665,0.0007,2982.2689,0.0096,2835.0505,0.0069,43391.6044,0.1596
89,-2,1199.0590,0.0040,450.1556,0.0029,651.4786,0.0034,6781.8761,0.0177,5193.7562,0.0193,2798.4298,0.0176,499.1718,0.0033,832.3083,0.0022,946.4430,0.0036,8273.9194,0.0315,259.4829,0.0009,2689.5277,0.0113,1953.2275,0.0078,171.6459,0.0007,4048.1222,0.0130,3217.2424,0.0078,39965.8464,0.1470
90,-1,1436.1370,0.0050,467.5254,0.0030,807.0091,0.0042,6716.4669,0.0176,5158.6532,0.0192,1862.7618,0.0117,297.5912,0.0020,1596.6010,0.0042,1000.0753,0.0038,11539.5845,0.0439,362.9973,0.0013,1640.8463,0.0069,912.8913,0.0037,200.6285,0.0008,7262.5656,0.0233,4874.5676,0.0118,46136.9020,0.1624
91,0,1864.3860,0.0060,603.6558,0.0039,1022.7368,0.0054,12511.8107,0.0327,9973.4159,0.0371,1478.5951,0.0093,134.5243,0.0009,6125.7033,0.0161,1132.2116,0.0043,5282.8140,0.0201,324.2729,0.0011,1134.5691,0.0048,651.1757,0.0026,278.0200,0.0011,8036.0641,0.0258,4464.6345,0.0108,55018.5898,0.1820
92,1,1223.4970,0.0040,1000.5319,0.0065,1217.6866,0.0064,5250.4396,0.0137,7910.6991,0.0294,1076.8470,0.0068,178.9471,0.0012,4239.6965,0.0111,1187.8990,0.0045,4824.9658,0.0183,445.9950,0.0016,914.9268,0.0038,618.6077,0.0025,491.5981,0.0020,13738.9293,0.0441,4428.2673,0.0108,48749.5338,0.1667
93,2,934.4200,0.0030,1381.0341,0.0089,1381.9271,0.0073,2669.8046,0.0070,9043.7821,0.0336,965.6791,0.0061,305.1295,0.0020,1725.4382,0.0045,1180.3521,0.0045,5103.0537,0.0194,1084.4845,0.0038,852.5494,0.0036,653.2724,0.0026,1028.5795,0.0042,8998.6061,0.0289,9820.3455,0.0238,47128.4579,0.1632
94,3,1903.5080,0.0070,2103.7489,0.0136,1230.1182,0.0065,2292.9073,0.0060,3361.9845,0.0125,873.1901,0.0055,358.1585,0.0024,849.9578,0.0022,2108.0169,0.0080,3638.7964,0.0138,1506.5996,0.0053,934.1401,0.0039,623.4753,0.0025,1637.7153,0.0067,7108.2120,0.0228,10489.9626,0.0255,41020.4915,0.1442
95,4,8941.2040,0.0310,3070.6093,0.0199,1027.7141,0.0054,2262.3544,0.0059,3744.8553,0.0139,611.5936,0.0038,682.1238,0.0045,573.4901,0.0015,1361.8880,0.0052,2803.9492,0.0107,863.3942,0.0030,844.7910,0.0035,668.7708,0.0027,2763.6464,0.0113,4887.6290,0.0157,15604.1443,0.0379,50712.1575,0.1759
96,5,14498.6540,0.0500,2373.6132,0.0154,1535.2715,0.0081,1592.1417,0.0042,3485.5927,0.0130,595.9388,0.0037,963.0301,0.0064,401.3922,0.0011,1450.3543,0.0055,2471.8877,0.0094,2035.9185,0.0072,728.9777,0.0031,551.7608,0.0022,4516.1584,0.0184,3503.2806,0.0112,8836.0046,0.0215,49539.9768,0.1804
97,6,4818.3070,0.0170,1956.5934,0.0127,1311.2662,0.0069,1363.8060,0.0036,2641.6305,0.0098,507.9525,0.0032,1164.9645,0.0077,302.7370,0.0008,1227.0909,0.0047,2890.6128,0.0110,1788.8174,0.0063,849.4508,0.0036,536.4899,0.0022,3905.3810,0.0159,8927.0817,0.0287,11470.5173,0.0279,45662.6989,0.1620
98,7,2382.3190,0.0080,1578.9598,0.0102,1377.7156,0.0072,1308.0336,0.0034,2783.6071,0.0104,462.3636,0.0029,1075.5817,0.0071,206.2498,0.0005,1043.9886,0.0040,1852.9429,0.0070,195.3906,0.0007,943.0266,0.0039,596.8981,0.0024,4673.9777,0.0190,7110.0450,0.0228,12210.4402,0.0296,39801.5399,0.1391
99,8,2313.1430,0.0080,1220.9095,0.0079,997.5316,0.0052,1426.0945,0.0037,2188.2960,0.0081,399.6875,0.0025,1057.2320,0.0070,154.2286,0.0004,934.5411,0.0036,1461.9509,0.0056,192.9163,0.0007,867.6061,0.0036,681.1695,0.0027,2202.3779,0.0090,1718.9050,0.0055,8737.8318,0.0212,26554.4213,0.0947
100,9,1788.1410,0.0060,1038.4119,0.0067,736.2545,0.0039,1119.9926,0.0029,1251.9384,0.0047,287.6429,0.0018,607.7663,0.0040,117.4025,0.0003,979.1317,0.0037,1280.5939,0.0049,270.7476,0.0010,1090.8882,0.0046,1202.3294,0.0048,1478.0966,0.0060,1223.0391,0.0039,5919.4050,0.0144,20391.7816,0.0736
101,10,1739.1780,0.0060,933.2209,0.0060,529.1070,0.0028,978.0854,0.0026,1495.5216,0.0056,209.5565,0.0013,586.3184,0.0039,89.7840,0.0002,1405.2036,0.0054,990.4956,0.0038,435.1193,0.0015,3199.8448,0.0134,1810.2082,0.0073,1481.9240,0.0060,1007.6681,0.0032,5312.0876,0.0129,22203.3230,0.0819
102,11,1456.5820,0.0050,978.0300,0.0063,415.6271,0.0022,1040.4669,0.0027,1701.5385,0.0063,222.4188,0.0014,154.8998,0.0010,57.4541,0.0002,3352.6153,0.0128,828.7046,0.0032,921.9026,0.0032,5794.8722,0.0243,1616.5729,0.0065,1149.5721,0.0047,855.5181,0.0027,4433.9158,0.0108,24980.6908,0.0933
103,12,1263.4220,0.0040,946.9020,0.0061,297.4785,0.0016,1320.8120,0.0035,1639.4708,0.0061,290.8456,0.0018,100.5139,0.0007,62.3620,0.0002,2612.2225,0.0100,721.3478,0.0027,3964.6265,0.0140,4611.3160,0.0193,1563.5541,0.0063,940.4356,0.0038,744.0680,0.0024,5620.7126,0.0136,26700.0899,0.0961
104,13,1246.2820,0.0040,834.1134,0.0054,298.8826,0.0016,1439.4039,0.0038,992.1312,0.0037,239.9988,0.0015,268.5342,0.0018,58.1568,0.0002,1789.5667,0.0068,679.6145,0.0026,3383.0533,0.0119,2456.7592,0.0103,1568.0876,0.0063,859.3122,0.0035,642.8518,0.0021,4163.0925,0.0101,20919.8407,0.0756
105,14,1607.9340,0.0060,896.5015,0.0058,362.6923,0.0019,1348.6454,0.0035,699.2853,0.0026,250.8790,0.0016,182.4259,0.0012,63.8115,0.0002,1785.5138,0.0068,723.6978,0.0028,2076.6736,0.0073,2512.6046,0.0105,2125.7863,0.0085,771.8915,0.0031,551.3463,0.0018,2497.9680,0.0061,18457.6568,0.0697
106,15,1064.8370,0.0040,767.2051,0.0050,348.5240,0.0018,1769.2560,0.0046,596.5905,0.0022,298.4115,0.0019,172.0587,0.0011,88.3315,0.0002,1626.5802,0.0062,790.4714,0.0030,1592.1392,0.0056,2238.1823,0.0094,4791.1469,0.0192,746.7455,0.0030,473.5256,0.0015,3016.2329,0.0073,20380.2383,0.0760
107,16,932.0850,0.0030,901.8412,0.0058,274.6401,0.0014,5101.5734,0.0133,495.6536,0.0018,487.4458,0.0031,276.7370,0.0018,134.1194,0.0004,7575.4488,0.0289,798.9620,0.0030,1581.7260,0.0056,3404.1217,0.0143,10303.3637,0.0413,798.4597,0.0033,425.3892,0.0014,3549.9993,0.0086,37041.5659,0.1370
108,17,1032.0920,0.0040,1119.5742,0.0073,188.3774,0.0010,3178.7001,0.0083,997.3386,0.0037,639.4409,0.0040,339.3915,0.0022,122.0199,0.0003,4069.0821,0.0155,922.7582,0.0035,2011.5069,0.0071,3498.1720,0.0146,1446.5434,0.0058,770.9280,0.0031,400.0266,0.0013,2662.7505,0.0065,23398.7023,0.0882
109,18,1441.4110,0.0050,1223.8003,0.0079,182.4543,0.0010,1563.4689,0.0041,1135.0878,0.0042,573.3835,0.0036,845.9786,0.0056,41.2883,0.0001,3088.0316,0.0118,952.1500,0.0036,4670.6856,0.0165,1293.2158,0.0054,793.3261,0.0032,514.2061,0.0021,393.9800,0.0013,3273.1248,0.0079,21985.5927,0.0833
110,19,1244.2720,0.0040,1278.7678,0.0083,231.7267,0.0012,1096.5042,0.0029,1017.7006,0.0038,742.0835,0.0047,1654.0790,0.0109,9.9119,2.604E-5,7254.7242,0.0276,3450.5034,0.0131,5313.5098,0.0187,1197.9681,0.0050,521.1589,0.0021,425.4960,0.0017,370.5690,0.0012,4935.1423,0.0120,30744.1174,0.1172
111,20,1104.0170,0.0040,1601.4579,0.0104,338.8364,0.0018,1315.1758,0.0034,690.9301,0.0026,619.7004,0.0039,1885.7829,0.0124,11.9858,3.149E-5,5677.3521,0.0216,4137.2534,0.0157,2132.3150,0.0075,1161.3820,0.0049,347.8928,0.0014,511.3351,0.0021,387.1447,0.0012,6913.6394,0.0168,28836.2008,0.1097
112,21,1121.7840,0.0040,1454.8939,0.0094,792.6946,0.0042,1526.6477,0.0040,741.1257,0.0028,410.8574,0.0026,1098.2684,0.0072,23.3246,6.127E-5,4614.6710,0.0176,1548.3772,0.0059,1461.5075,0.0051,1431.8469,0.0060,206.5507,0.0008,746.5306,0.0030,295.8514,0.0009,10683.0564,0.0259,28157.9880,0.0995
113,22,1415.9310,0.0050,1383.4056,0.0090,587.0179,0.0031,1360.7513,0.0036,1050.2089,0.0039,250.1599,0.0016,246.7997,0.0016,68.2356,0.0002,5622.3331,0.0214,5918.1021,0.0225,1202.8804,0.0042,1782.3383,0.0075,138.6905,0.0006,1233.2586,0.0050,230.1982,0.0007,6006.4529,0.0146,28496.7640,0.1045
114,23,2893.6980,0.0100,1258.0858,0.0081,378.1588,0.0020,1084.3878,0.0028,942.7228,0.0035,394.2577,0.0025,87.6918,0.0006,230.6572,0.0006,4006.8316,0.0153,2552.8420,0.0097,1026.3463,0.0036,1209.2922,0.0051,90.4878,0.0004,3788.0544,0.0154,252.5542,0.0008,1420.5022,0.0034,21616.5706,0.0838
115,24,2524.8120,0.0090,869.2323,0.0056,443.6391,0.0023,848.3090,0.0022,1008.3972,0.0037,349.5710,0.0022,43.7040,0.0003,634.7584,0.0017,3392.2879,0.0129,967.8129,0.0037,916.0694,0.0032,1154.8264,0.0048,55.3406,0.0002,2025.9882,0.0083,267.3969,0.0009,664.3698,0.0016,16166.5151,0.0626
116,25,1148.2680,0.0040,686.4327,0.0044,518.1566,0.0027,826.8878,0.0022,1064.8888,0.0040,277.3210,0.0017,30.9745,0.0002,747.1887,0.0020,3342.2215,0.0127,742.2990,0.0028,821.5652,0.0029,1812.7294,0.0076,38.4064,0.0002,1947.2934,0.0079,270.8326,0.0009,639.1327,0.0016,14914.5983,0.0578
117,26,1222.2610,0.0040,594.0568,0.0038,509.9167,0.0027,857.8457,0.0022,852.6106,0.0032,185.7921,0.0012,17.7015,0.0001,860.0292,0.0023,3273.6161,0.0125,633.3944,0.0024,770.1184,0.0027,1044.5846,0.0044,0,0,2235.9577,0.0091,292.4434,0.0009,648.7142,0.0016,13999.0424,0.0531
118,27,2405.2080,0.0080,550.8446,0.0036,345.8554,0.0018,783.9163,0.0020,705.8385,0.0026,191.2764,0.0012,70.1927,0.0005,1307.9832,0.0034,2961.8143,0.0113,543.4197,0.0021,762.1825,0.0027,814.7130,0.0034,0.6417,2.572E-6,492.1223,0.0020,424.1810,0.0014,679.7162,0.0017,13039.9058,0.0477
119,28,2168.1640,0.0080,548.4657,0.0036,335.0776,0.0018,804.9432,0.0021,698.7533,0.0026,233.0192,0.0015,148.3441,0.0010,1817.6315,0.0048,2315.4300,0.0088,349.1581,0.0013,726.9616,0.0026,830.4542,0.0035,3.0793,1.234E-5,508.8665,0.0021,433.2270,0.0014,755.6656,0.0018,12677.2409,0.0469
120,29,1856.8530,0.0060,570.1385,0.0037,272.4841,0.0014,1402.4880,0.0037,787.6959,0.0029,321.2992,0.0020,272.8271,0.0018,1228.5510,0.0032,1925.0321,0.0073,156.9226,0.0006,792.3124,0.0028,635.3727,0.0027,25.8992,0.0001,782.9987,0.0032,438.5419,0.0014,799.8400,0.0019,12269.2564,0.0447
121,30,2356.1140,0.0080,505.3799,0.0033,230.0707,0.0012,1633.1093,0.0043,792.2654,0.0029,334.9681,0.0021,391.9709,0.0026,838.2685,0.0022,1655.1742,0.0063,154.2036,0.0006,967.9307,0.0034,528.7092,0.0022,75.4630,0.0003,1374.0380,0.0056,480.3044,0.0015,689.4526,0.0017,13007.4225,0.0482
122,31,2611.6150,0.0090,522.8179,0.0034,230.3890,0.0012,1110.5568,0.0029,740.6771,0.0028,326.8706,0.0021,521.4201,0.0034,950.6754,0.0025,1416.1943,0.0054,192.9675,0.0007,1513.7641,0.0053,526.6667,0.0022,158.7903,0.0006,1933.3979,0.0079,546.3312,0.0018,558.4268,0.0014,13861.5607,0.0526
123,32,1911.0670,0.0070,541.5558,0.0035,283.8550,0.0015,1034.0264,0.0027,828.3622,0.0031,344.5887,0.0022,778.0742,0.0051,1158.6242,0.0030,1287.2978,0.0049,142.5826,0.0005,3432.7552,0.0121,626.4343,0.0026,497.8286,0.0020,2015.6364,0.0082,647.3743,0.0021,504.0086,0.0012,16034.0713,0.0617
124,33,2529.9170,0.0090,554.5468,0.0036,450.5433,0.0024,1098.7745,0.0029,977.8672,0.0036,429.2003,0.0027,1080.9337,0.0071,1515.5903,0.0040,1259.4164,0.0048,134.3973,0.0005,3903.8140,0.0137,787.1166,0.0033,2444.6750,0.0098,2424.2411,0.0099,649.2521,0.0021,497.0479,0.0012,20737.3335,0.0806
125,34,1609.1780,0.0060,534.0780,0.0035,747.7650,0.0039,1180.0132,0.0031,1200.3293,0.0045,613.8051,0.0039,1275.1867,0.0084,1849.6208,0.0049,1407.9428,0.0054,167.6315,0.0006,2192.5093,0.0077,1192.6948,0.0050,1682.6982,0.0067,2893.2314,0.0118,700.7029,0.0022,540.1075,0.0013,19787.4945,0.0789
126,35,994.4610,0.0030,423.6342,0.0027,644.5742,0.0034,1457.2471,0.0038,1813.1437,0.0067,1050.6572,0.0066,1064.8803,0.0070,1670.1098,0.0044,1134.8082,0.0043,216.4665,0.0008,1626.7704,0.0057,1185.5764,0.0050,874.1445,0.0035,1936.7123,0.0079,838.2871,0.0027,515.8279,0.0013,17447.3008,0.0688
127,36,1080.1850,0.0040,382.3334,0.0025,639.3624,0.0034,1832.4681,0.0048,3235.5494,0.0120,1590.3585,0.0100,805.6916,0.0053,1779.2250,0.0047,958.8390,0.0037,333.3075,0.0013,1443.1825,0.0051,1137.4612,0.0048,628.1075,0.0025,1684.5285,0.0069,1201.8950,0.0039,660.4432,0.0016,19392.9378,0.0765
128,37,1243.9300,0.0040,455.7644,0.0030,710.4119,0.0037,1785.3070,0.0047,3201.5734,0.0119,1787.8273,0.0112,790.2220,0.0052,1925.1398,0.0051,829.6533,0.0032,338.3644,0.0013,1390.2550,0.0049,1099.8660,0.0046,490.9363,0.0020,1673.7328,0.0068,1960.1832,0.0063,1140.2491,0.0028,20823.4159,0.0807
129,38,1356.6880,0.0050,564.6246,0.0037,921.1057,0.0048,1945.3683,0.0051,2600.2379,0.0097,1492.4811,0.0094,626.3030,0.0041,2299.7375,0.0060,747.2302,0.0028,709.4943,0.0027,1093.9826,0.0039,899.1653,0.0038,391.6699,0.0016,1587.4633,0.0065,1563.3370,0.0050,1006.2201,0.0024,19805.1088,0.0765
130,39,1340.3550,0.0050,791.3368,0.0051,1710.9385,0.0090,2333.1652,0.0061,3749.6327,0.0139,1965.4825,0.0123,502.3912,0.0033,3165.4638,0.0083,730.1181,0.0028,1124.4556,0.0043,883.7193,0.0031,896.8456,0.0038,428.9130,0.0017,1653.0253,0.0067,1286.4858,0.0041,857.0803,0.0021,23419.4087,0.0916
131,40,1548.0080,0.0050,1021.4600,0.0066,1766.7186,0.0093,2763.4264,0.0072,4997.1093,0.0186,1489.4713,0.0093,635.0327,0.0042,3551.3430,0.0093,799.8928,0.0030,681.2581,0.0026,852.1465,0.0030,1089.4667,0.0046,401.8792,0.0016,1615.5793,0.0066,1527.2321,0.0049,911.2850,0.0022,25651.3090,0.0980
132,41,1546.0140,0.0050,972.8776,0.0063,1307.5751,0.0069,2984.7047,0.0078,4267.6058,0.0159,1117.9757,0.0070,822.1528,0.0054,3607.5392,0.0095,871.4975,0.0033,334.6411,0.0013,747.6482,0.0026,1501.8094,0.0063,601.0707,0.0024,1775.5019,0.0072,2089.4642,0.0067,1008.2870,0.0024,25556.3649,0.0960
133,42,1592.6480,0.0060,857.8953,0.0056,1273.0560,0.0067,2944.8126,0.0077,5445.2767,0.0202,1145.5787,0.0072,1045.2466,0.0069,4238.9479,0.0111,906.3958,0.0035,92.8964,0.0004,697.3590,0.0025,2072.9757,0.0087,587.0296,0.0024,2034.2704,0.0083,1294.1240,0.0042,1268.8896,0.0031,27497.4023,0.1045
134,43,1448.7870,0.0050,797.9222,0.0052,1013.5397,0.0053,6007.8737,0.0157,6696.2225,0.0249,1435.5387,0.0090,1523.1828,0.0100,7901.5295,0.0208,924.2159,0.0035,66.7998,0.0003,752.8127,0.0027,1784.6451,0.0075,656.4798,0.0026,2437.4604,0.0099,890.3228,0.0029,1014.8440,0.0025,35352.1766,0.1278
135,44,1442.3920,0.0050,831.8799,0.0054,920.2402,0.0048,11415.3898,0.0298,5451.9086,0.0203,1782.6683,0.0112,2129.2861,0.0140,7048.2580,0.0185,922.1338,0.0035,110.0707,0.0004,979.0868,0.0034,1556.1222,0.0065,1145.4649,0.0046,3669.4064,0.0149,1070.5997,0.0034,739.7528,0.0018,41214.6602,0.1475
136,45,1597.6410,0.0060,776.6829,0.0050,1003.5153,0.0053,5385.9777,0.0141,4835.1107,0.0180,1051.5087,0.0066,3465.5058,0.0229,8038.9445,0.0211,1000.5689,0.0038,132.4473,0.0005,1592.7077,0.0056,1567.3024,0.0066,2778.8110,0.0111,2948.6933,0.0120,2440.4838,0.0078,5806.7185,0.0141,44422.6195,0.1605
137,46,2471.4920,0.0090,720.9832,0.0047,1386.8768,0.0073,4733.4811,0.0124,3794.1068,0.0141,739.7286,0.0046,3727.5185,0.0246,10009.3078,0.0263,890.6345,0.0034,35.5197,0.0001,1277.4273,0.0045,1075.8496,0.0045,1114.9969,0.0045,1895.0751,0.0077,1145.5514,0.0037,3561.3567,0.0086,38579.9060,0.1400
138,47,3511.0580,0.0120,799.5874,0.0052,1628.9019,0.0086,4088.5768,0.0107,1400.9200,0.0052,691.9598,0.0043,2356.9680,0.0156,8644.5471,0.0227,905.6548,0.0035,0,0,1066.0966,0.0038,926.3014,0.0039,611.1744,0.0024,1561.4413,0.0064,818.2556,0.0026,1612.5488,0.0039,30623.9919,0.1108
139,48,3106.7180,0.0110,1036.9918,0.0067,1796.2928,0.0094,3556.3776,0.0093,1266.4056,0.0047,908.9963,0.0057,2975.1535,0.0196,16242.3527,0.0427,881.5763,0.0034,54.9782,0.0002,997.7045,0.0035,933.5312,0.0039,527.5026,0.0021,1437.8271,0.0059,941.3080,0.0030,1100.7133,0.0027,37764.4295,0.1338
140,49,2201.4400,0.0080,1636.0961,0.0106,1794.0843,0.0094,2604.4459,0.0068,1602.5450,0.0060,876.3621,0.0055,2797.8781,0.0185,15407.6398,0.0405,807.8556,0.0031,306.7668,0.0012,968.2879,0.0034,1090.7556,0.0046,525.3892,0.0021,1545.0803,0.0063,849.4211,0.0027,825.7698,0.0020,35839.8176,0.1307
141,50,1838.2670,0.0060,2710.4391,0.0176,1786.3011,0.0094,1875.8319,0.0049,1870.8519,0.0070,755.3196,0.0047,2830.7797,0.0187,8055.0773,0.0212,748.7457,0.0029,678.9099,0.0026,873.0782,0.0031,1258.4344,0.0053,297.9918,0.0012,1899.5849,0.0077,767.7076,0.0025,522.5088,0.0013,28769.8289,0.1161
142,51,1352.8370,0.0050,1140.9004,0.0074,2022.2493,0.0106,1669.9772,0.0044,1299.7975,0.0048,681.9912,0.0043,1296.2734,0.0086,6826.0417,0.0179,822.5300,0.0031,1084.0007,0.0041,848.1940,0.0030,1294.2931,0.0054,281.6406,0.0011,1690.3427,0.0069,909.1956,0.0029,355.8505,0.0009,23576.1149,0.0904
143,52,796.0220,0.0030,413.5173,0.0027,2003.8546,0.0105,1674.2006,0.0044,1153.8461,0.0043,613.0221,0.0038,904.7029,0.0060,3004.4548,0.0079,958.2751,0.0037,663.6949,0.0025,821.1128,0.0029,1490.9347,0.0062,205.6086,0.0008,1425.3784,0.0058,1200.3601,0.0039,267.8918,0.0007,17596.8768,0.0691
144,53,714.5450,0.0020,430.9923,0.0028,1750.3672,0.0092,1655.4059,0.0043,1328.7885,0.0049,759.0891,0.0048,1000.3461,0.0066,1399.8337,0.0037,901.3525,0.0034,337.8626,0.0013,953.1440,0.0034,1794.4281,0.0075,207.3968,0.0008,1299.6035,0.0053,1572.7051,0.0050,202.3524,0.0005,16308.2128,0.0655
145,54,1077.0340,0.0040,513.5387,0.0033,1700.3411,0.0089,1599.1000,0.0042,1660.7313,0.0062,993.2043,0.0062,1010.8506,0.0067,1131.6706,0.0030,941.4524,0.0036,304.3353,0.0012,1061.8175,0.0037,2666.6183,0.0112,283.6461,0.0011,1331.7549,0.0054,908.7417,0.0029,155.6676,0.0004,17340.5044,0.0720
146,55,773.0920,0.0030,562.1948,0.0036,1719.8856,0.0090,1621.2504,0.0042,1527.7902,0.0057,963.1736,0.0060,933.7332,0.0062,1005.4360,0.0026,1014.1510,0.0039,177.3998,0.0007,1182.4474,0.0042,1382.0992,0.0058,435.4863,0.0017,1280.6138,0.0052,620.7594,0.0020,124.2940,0.0003,15323.8067,0.0641
147,56,563.2050,0.0020,628.5265,0.0041,1768.8021,0.0093,1917.7770,0.0050,903.4327,0.0034,1049.1571,0.0066,890.4344,0.0059,1143.4102,0.0030,1071.7171,0.0041,121.3195,0.0005,1280.1016,0.0045,949.5157,0.0040,684.7441,0.0027,847.4142,0.0035,567.1604,0.0018,94.5594,0.0002,14481.2770,0.0606
148,57,524.8410,0.0020,570.0663,0.0037,1204.4753,0.0063,1452.4150,0.0038,656.5973,0.0024,995.4969,0.0062,2033.3144,0.0134,1356.1362,0.0036,1222.6079,0.0047,131.0158,0.0005,1775.8506,0.0063,1060.4686,0.0044,721.5290,0.0029,696.8013,0.0028,531.2802,0.0017,69.4208,0.0002,15002.3166,0.0649
149,58,302.2470,0.0010,511.2284,0.0033,813.9295,0.0043,1017.5156,0.0027,666.0876,0.0025,919.5784,0.0058,1751.6996,0.0116,1870.9767,0.0049,1466.4360,0.0056,153.2163,0.0006,2503.6436,0.0088,799.6561,0.0033,198.3755,0.0008,840.2164,0.0034,526.5583,0.0017,41.5532,0.0001,14382.9182,0.0604
150,59,191.9120,0.0007,488.2899,0.0032,465.2376,0.0024,844.2277,0.0022,768.1754,0.0029,910.0581,0.0057,1104.9974,0.0073,1931.8244,0.0051,1833.5785,0.0070,93.0908,0.0004,1419.5640,0.0050,846.6302,0.0035,175.3558,0.0007,1261.8489,0.0051,441.2667,0.0014,27.4152,6.657E-5,12803.4726,0.0526
151,60,115.2970,0.0004,570.1154,0.0037,474.9302,0.0025,658.1080,0.0017,424.7150,0.0016,847.3104,0.0053,1003.5779,0.0066,3302.7453,0.0087,2238.4222,0.0085,45.1588,0.0002,1060.1994,0.0037,1364.3320,0.0057,154.0784,0.0006,1206.1380,0.0049,381.1411,0.0012,16.5098,4.009E-5,13862.7789,0.0553
152,61,77.8980,0.0003,551.5227,0.0036,741.2137,0.0039,535.5474,0.0014,370.2562,0.0014,796.1572,0.0050,858.7608,0.0057,16973.1047,0.0446,3559.6771,0.0136,60.5532,0.0002,910.6617,0.0032,1940.1998,0.0081,201.2723,0.0008,1113.2770,0.0045,347.8289,0.0011,7.1888,1.745E-5,29045.1195,0.0974
153,62,100.1450,0.0003,387.4760,0.0025,731.1149,0.0038,424.3570,0.0011,473.4176,0.0018,791.4624,0.0050,610.2175,0.0040,9855.8381,0.0259,2743.5685,0.0105,229.2728,0.0009,872.4955,0.0031,1919.7582,0.0080,207.6451,0.0008,1208.8465,0.0049,292.0394,0.0009,7.2652,1.764E-5,20854.9197,0.0736
154,63,137.7880,0.0005,275.4799,0.0018,451.8626,0.0024,394.1111,0.0010,477.7224,0.0018,753.7346,0.0047,490.2707,0.0032,939.7516,0.0025,2262.4867,0.0086,307.8760,0.0012,927.4478,0.0033,2606.1068,0.0109,141.0266,0.0006,1418.8089,0.0058,140.0602,0.0004,0,0,11724.5339,0.0487
155,64,128.7360,0.0004,86.9620,0.0006,237.6276,0.0012,155.4869,0.0004,363.9049,0.0014,723.5210,0.0045,571.5447,0.0038,660.8354,0.0017,3256.5033,0.0124,348.5775,0.0013,893.6060,0.0031,4367.4318,0.0183,146.2468,0.0006,1679.7392,0.0068,67.5847,0.0002,18.1614,4.410E-5,13706.4692,0.0568
156,65,21.5930,7.490E-5,12.5097,8.102E-5,182.8578,0.0010,41.2104,0.0001,353.9633,0.0013,814.7235,0.0051,1220.6612,0.0081,1409.5765,0.0037,3242.9112,0.0124,434.6926,0.0017,926.3667,0.0033,2299.0428,0.0096,179.3857,0.0007,2413.7543,0.0098,61.2235,0.0002,62.8547,0.0002,13677.3269,0.0574
157,66,0.0000,0.0000,23.8716,0.0002,145.2151,0.0008,47.4298,0.0001,424.4763,0.0016,989.7968,0.0062,903.6817,0.0060,1475.7160,0.0039,1837.6300,0.0070,568.0049,0.0022,996.7803,0.0035,1510.4843,0.0063,213.4095,0.0009,2736.8923,0.0112,43.0103,0.0001,64.2573,0.0002,11980.6562,0.0502
158,67,13.3440,4.629E-5,59.0247,0.0004,164.0314,0.0009,29.2873,7.655E-5,592.3793,0.0022,1265.2738,0.0079,415.3340,0.0027,1426.9941,0.0037,2373.6407,0.0090,831.2794,0.0032,1088.8900,0.0038,1552.1249,0.0065,254.4852,0.0010,2865.2639,0.0117,14.0352,4.505E-5,84.4981,0.0002,13029.8860,0.0534
159,68,32.4810,0.0001,46.1054,0.0003,199.6768,0.0010,0,0,921.8827,0.0034,1610.3724,0.0101,1106.0037,0.0073,498.3997,0.0013,2444.8482,0.0093,1047.5762,0.0040,1222.0735,0.0043,1231.1439,0.0052,297.4758,0.0012,4787.2844,0.0195,0,0,106.0309,0.0003,15551.3546,0.0673
160,69,58.0450,0.0002,41.1424,0.0003,251.0483,0.0013,32.7859,8.569E-5,691.8774,0.0026,1545.8671,0.0097,1015.4570,0.0067,455.8791,0.0012,2366.6654,0.0090,785.0667,0.0030,1497.7353,0.0053,1022.6353,0.0043,427.8773,0.0017,6094.4206,0.0248,9.8159,3.151E-5,144.5569,0.0004,16440.8756,0.0706
161,70,93.0200,0.0003,62.0258,0.0004,299.9706,0.0016,33.2451,8.689E-5,525.0723,0.0020,1367.9320,0.0086,719.2067,0.0047,516.9573,0.0014,1815.4166,0.0069,848.6997,0.0032,2245.8291,0.0079,1023.3519,0.0043,537.9595,0.0022,2466.3835,0.0100,11.7021,3.756E-5,193.7763,0.0005,12760.5485,0.0541
162,71,185.5650,0.0006,45.1609,0.0003,492.7866,0.0026,14.1472,3.698E-5,646.0570,0.0024,1453.4845,0.0091,668.7387,0.0044,608.4811,0.0016,1707.0389,0.0065,1090.3301,0.0041,5156.6363,0.0182,1045.3929,0.0044,630.2181,0.0025,2615.7348,0.0107,18.0582,5.796E-5,220.2250,0.0005,16598.0553,0.0680
163,72,277.2780,0.0010,43.2585,0.0003,764.7770,0.0040,21.3467,5.579E-5,1590.2670,0.0059,1172.4752,0.0074,658.3745,0.0043,666.7354,0.0018,1597.0987,0.0061,1441.7625,0.0055,5151.3560,0.0181,697.7650,0.0029,819.0731,0.0033,2037.1301,0.0083,47.9744,0.0002,208.4676,0.0005,17195.1397,0.0696
164,73,493.8570,0.0020,21.5040,0.0001,795.3580,0.0042,28.6442,7.487E-5,1101.5989,0.0041,970.8433,0.0061,597.1070,0.0039,217.1725,0.0006,1910.7000,0.0073,1764.2712,0.0067,2821.7408,0.0099,616.4813,0.0026,1283.0953,0.0051,2046.5637,0.0083,107.6904,0.0003,194.6025,0.0005,14971.2301,0.0618
165,74,386.9500,0.0010,0,0,807.7995,0.0042,68.7999,0.0002,552.9446,0.0021,944.9933,0.0059,705.3625,0.0047,95.4830,0.0003,1562.1173,0.0060,1375.2976,0.0052,1891.2408,0.0067,585.8905,0.0025,8290.9477,0.0332,2061.1660,0.0084,132.4904,0.0004,178.6996,0.0004,19640.1827,0.0812
166,75,221.9700,0.0008,20.2368,0.0001,522.3503,0.0027,89.6818,0.0002,941.9995,0.0035,1239.9904,0.0078,829.2879,0.0055,17.5325,4.606E-5,664.8067,0.0025,629.4279,0.0024,1745.4300,0.0061,561.2035,0.0024,4481.4496,0.0180,1552.4789,0.0063,140.6725,0.0005,179.8165,0.0004,13838.3348,0.0592
167,76,357.9970,0.0010,88.0507,0.0006,531.1481,0.0028,301.1136,0.0008,822.9193,0.0031,1003.5953,0.0063,780.1285,0.0051,0,0,683.6313,0.0026,511.6360,0.0019,1953.3877,0.0069,563.1718,0.0024,4399.6625,0.0176,1380.8295,0.0056,181.8379,0.0006,193.4621,0.0005,13752.5713,0.0578
168,77,746.3370,0.0030,110.7015,0.0007,496.6503,0.0026,625.5183,0.0016,208.8689,0.0008,870.3533,0.0055,808.1331,0.0053,11.8170,3.104E-5,900.9109,0.0034,433.3063,0.0016,3464.4666,0.0122,540.4991,0.0023,2952.1259,0.0118,1582.2482,0.0064,234.7694,0.0008,247.5273,0.0006,14234.2331,0.0586
169,78,777.5950,0.0030,80.5563,0.0005,533.9073,0.0028,503.5417,0.0013,117.3608,0.0004,926.5240,0.0058,747.8668,0.0049,32.8046,8.617E-5,1500.2171,0.0057,455.6703,0.0017,4920.2544,0.0173,528.5084,0.0022,2320.5256,0.0093,1996.7119,0.0081,350.6518,0.0011,291.3325,0.0007,16084.0285,0.0649
170,79,628.5990,0.0020,23.4155,0.0002,581.4529,0.0031,534.1413,0.0014,52.1309,0.0002,972.9141,0.0061,670.3777,0.0044,64.6808,0.0002,1167.3264,0.0044,552.7296,0.0021,2298.3269,0.0081,564.3287,0.0024,5896.5522,0.0236,1665.6525,0.0068,471.4009,0.0015,378.1132,0.0009,16522.1426,0.0674
171,80,709.6900,0.0020,110.4115,0.0007,578.7471,0.0030,634.3990,0.0017,162.0449,0.0006,768.6625,0.0048,642.0407,0.0042,183.3799,0.0005,0,0,625.0347,0.0024,2757.3745,0.0097,600.4910,0.0025,7000.6030,0.0281,1442.9223,0.0059,843.4666,0.0027,830.9458,0.0020,17890.2135,0.0708
172,81,686.6510,0.0020,244.1981,0.0016,673.1474,0.0035,815.9950,0.0021,200.3456,0.0007,856.2623,0.0054,694.0892,0.0046,368.8455,0.0010,34.1652,0.0001,402.0885,0.0015,3476.7356,0.0122,666.7170,0.0028,1417.9013,0.0057,1124.5839,0.0046,831.0476,0.0027,2287.3523,0.0056,14780.1255,0.0561
173,82,828.2460,0.0030,295.8466,0.0019,888.7824,0.0047,714.9236,0.0019,200.7240,0.0007,1000.8774,0.0063,799.7393,0.0053,293.9536,0.0008,78.2558,0.0003,362.2213,0.0014,2607.1919,0.0092,910.0851,0.0038,839.6098,0.0034,813.5019,0.0033,715.2054,0.0023,3739.4856,0.0091,15088.6497,0.0574
174,83,985.0590,0.0030,466.6698,0.0030,1154.1230,0.0061,701.5522,0.0018,98.4885,0.0004,576.1432,0.0036,1161.2211,0.0077,520.1306,0.0014,175.7718,0.0007,926.9907,0.0035,4288.6621,0.0151,914.0634,0.0038,654.2365,0.0026,694.3640,0.0028,1203.9894,0.0039,1590.7688,0.0039,16112.2341,0.0633
175,84,935.2140,0.0030,711.4243,0.0046,1118.0690,0.0059,840.7026,0.0022,0,0,381.1462,0.0024,1254.1218,0.0083,537.4490,0.0014,296.3604,0.0011,1819.0945,0.0069,6949.2974,0.0245,1113.2849,0.0047,634.8849,0.0025,361.3623,0.0015,1661.8687,0.0053,1394.9146,0.0034,20009.1946,0.0777
176,85,748.1640,0.0030,831.9437,0.0054,1144.7214,0.0060,1083.8510,0.0028,109.5864,0.0004,475.2595,0.0030,1300.0483,0.0086,482.6634,0.0013,496.1992,0.0019,1399.2637,0.0053,2877.7454,0.0101,1141.2195,0.0048,698.5654,0.0028,196.4833,0.0008,1746.4401,0.0056,1520.1405,0.0037,16252.2948,0.0655
177,86,992.3640,0.0030,817.2798,0.0053,1282.9017,0.0067,1317.3586,0.0034,595.0466,0.0022,448.2727,0.0028,1495.6618,0.0099,550.6772,0.0014,589.7511,0.0022,1392.7666,0.0053,751.0982,0.0026,768.4302,0.0032,813.7090,0.0033,197.7083,0.0008,2125.2638,0.0068,1855.4353,0.0045,15993.7249,0.0634
178,87,812.5800,0.0030,874.4270,0.0057,1710.7215,0.0090,1399.8070,0.0037,651.7484,0.0024,481.2365,0.0030,1525.4792,0.0101,651.8994,0.0017,1413.5204,0.0054,1672.6292,0.0064,508.1556,0.0018,310.0572,0.0013,792.0705,0.0032,231.6681,0.0009,3247.2377,0.0104,2779.6111,0.0067,19062.8488,0.0747
179,88,907.1520,0.0030,1040.4602,0.0067,1908.3799,0.0100,1835.9393,0.0048,844.4103,0.0031,362.5416,0.0023,1761.8959,0.0116,613.5014,0.0016,383.7310,0.0015,1018.7720,0.0039,344.3324,0.0012,213.0174,0.0009,773.8023,0.0031,221.6597,0.0009,2210.8436,0.0071,4435.9343,0.0108,18876.3733,0.0725
180,89,1050.8870,0.0040,1539.9960,0.0100,1728.3558,0.0091,5639.7628,0.0147,814.1471,0.0030,202.3339,0.0013,1855.8740,0.0122,1015.0515,0.0027,321.3327,0.0012,1216.9541,0.0046,237.5025,0.0008,183.7108,0.0008,745.3514,0.0030,166.3251,0.0007,2069.7030,0.0066,7434.7913,0.0181,26222.0790,0.0928
